Workbook

Sheet Master Table
A1: Printed Signed Name | B1: =_xlfn.CONCAT(A2,"'s Title") -> 's Title | C1: Company Address | D1: Phone | E1: Fax | F1: Email | G1: Signature | H1: RUN PDF GENERATOR | I1: CURRENT ERRORS | J1: NAME MAPPING DISCREPANCIES
G2: Save desired signature in this directory as "signature.png" | H2: Save and Close This Workbook then run pdf_generator.exe | I2: {=SUM( COUNTIF('Pull Data'!A:Z, {"NAME MAPPING ERROR","RAW DATA ERROR","INVALID VALUE","NO STREET NAME","INCOMPLETE ADDRESS","Check Data: c/o Does Not Appear in Data","Check Data: Custodian Does Not Appear in Data"}), )} -> 0 | J2: {=SUM(COUNTIF('Data Checks'!A:Z, {"c/o Does Not Appear in Data","Custodian Does Not Appear in Data"}))} -> 1
A4: IRA Custodian | B4: C/O if Any | C4: Address | D4: City | E4: State | F4: Zip | G4: Email | H4: Website | I4: Contact Info Verification PDFs

Sheet Name Mapping
A1: Pulled From Master Table (For Comparison) | B1: Pulled From Raw Data (For Comparison) | C1: Enter Custodian Name as Seen in Master Table | D1: Enter Matching Custodian Name as Seen in Raw Data | F1: Pulled From Master Table (For Comparison) | G1: Pulled From Raw Data (For Comparison) | H1: Manual Original Names (Will Be Used for Mapping) | I1: Manually Enter Corresponding Account Names | J1: >>>
A2: {=_xlfn._xlws.SORT(_xlfn.UNIQUE(MasterTable[IRA Custodian]))} -> 0 | B2: {=_xlfn._xlws.SORT(_xlfn._xlws.FILTER(_xlfn.UNIQUE('Raw Data'!C2:C999), ISBLANK(_xlfn.UNIQUE('Raw Data'!C2:C999))=FALSE))} -> #VALUE! | F2: {=_xlfn._xlws.FILTER(_xlfn.UNIQUE(MasterTable[C/O if Any]), _xlfn.UNIQUE(MasterTable[C/O if Any])<>"")} -> #VALUE! | G2: {=_xlfn.MAP(_xlfn.ANCHORARRAY(F2), _xlfn.LAMBDA(_xlpm.item, _xlfn.TEXTJOIN(CHAR(10),TRUE, _xlfn._xlws.FILTER('Raw Data'!D1:D999, ( ('Raw Data'!B1:B999=SUBSTITUTE(_xlpm.item,"c/o ",""))+ ('Raw Data'!C1:C999=SUBSTITUTE(_xlpm.item,"fka ",""))+ ('Raw Data'!C1:C999=SUBSTITUTE(_xlpm.item,"Attn: Asset Operations/ ","")) )>0, "No Matches" ) ) ))} -> #VALUE!

Sheet Data Checks
A1: From Master Table | B1: From Pull Data | C1: Check | E1: From Master Table | F1: From Pull Data | G1: Check
A2: {=_xlfn._xlws.SORT(_xlfn.UNIQUE(MasterTable[IRA Custodian]))} -> 0 | B2: =IF(COUNTIF('Pull Data'!B$2:B$1000, A2) > 0, A2, "") | C2: =IF(AND(A2="", B2=""), "", IF(A2<>B2, "Custodian Does Not Appear in Data", "Custodian Appears in Data")) -> Custodian Does Not Appear in Data | E2: {=_xlfn._xlws.SORT(_xlfn._xlws.FILTER(_xlfn.UNIQUE(MasterTable[C/O if Any]), _xlfn.UNIQUE(MasterTable[C/O if Any])<>""))} -> #VALUE! | F2: =IF(COUNTIF('Pull Data'!C$2:C$1000, E2) > 0, E2, "") | G2: =IF(AND(E2="", F2=""), "", IF(E2<>F2, "c/o Does Not Appear in Data", "c/o Appears in Data")) -> #VALUE!
B3: =IF(COUNTIF('Pull Data'!B$2:B$1000, A3) > 0, A3, "") | C3: =IF(AND(A3="", B3=""), "", IF(A3<>B3, "Custodian Does Not Appear in Data", "Custodian Appears in Data")) | F3: =IF(COUNTIF('Pull Data'!C$2:C$1000, E3) > 0, E3, "") | G3: =IF(AND(E3="", F3=""), "", IF(E3<>F3, "c/o Does Not Appear in Data", "c/o Appears in Data"))
B4: =IF(COUNTIF('Pull Data'!B$2:B$1000, A4) > 0, A4, "") | C4: =IF(AND(A4="", B4=""), "", IF(A4<>B4, "Custodian Does Not Appear in Data", "Custodian Appears in Data")) | F4: =IF(COUNTIF('Pull Data'!C$2:C$1000, E4) > 0, E4, "") | G4: =IF(AND(E4="", F4=""), "", IF(E4<>F4, "c/o Does Not Appear in Data", "c/o Appears in Data"))
B5: =IF(COUNTIF('Pull Data'!B$2:B$1000, A5) > 0, A5, "") | C5: =IF(AND(A5="", B5=""), "", IF(A5<>B5, "Custodian Does Not Appear in Data", "Custodian Appears in Data")) | F5: =IF(COUNTIF('Pull Data'!C$2:C$1000, E5) > 0, E5, "") | G5: =IF(AND(E5="", F5=""), "", IF(E5<>F5, "c/o Does Not Appear in Data", "c/o Appears in Data"))
B6: =IF(COUNTIF('Pull Data'!B$2:B$1000, A6) > 0, A6, "") | C6: =IF(AND(A6="", B6=""), "", IF(A6<>B6, "Custodian Does Not Appear in Data", "Custodian Appears in Data")) | F6: =IF(COUNTIF('Pull Data'!C$2:C$1000, E6) > 0, E6, "") | G6: =IF(AND(E6="", F6=""), "", IF(E6<>F6, "c/o Does Not Appear in Data", "c/o Appears in Data"))
B7: =IF(COUNTIF('Pull Data'!B$2:B$1000, A7) > 0, A7, "") | C7: =IF(AND(A7="", B7=""), "", IF(A7<>B7, "Custodian Does Not Appear in Data", "Custodian Appears in Data")) | F7: =IF(COUNTIF('Pull Data'!C$2:C$1000, E7) > 0, E7, "") | G7: =IF(AND(E7="", F7=""), "", IF(E7<>F7, "c/o Does Not Appear in Data", "c/o Appears in Data"))
B8: =IF(COUNTIF('Pull Data'!B$2:B$1000, A8) > 0, A8, "") | C8: =IF(AND(A8="", B8=""), "", IF(A8<>B8, "Custodian Does Not Appear in Data", "Custodian Appears in Data")) | F8: =IF(COUNTIF('Pull Data'!C$2:C$1000, E8) > 0, E8, "") | G8: =IF(AND(E8="", F8=""), "", IF(E8<>F8, "c/o Does Not Appear in Data", "c/o Appears in Data"))
B9: =IF(COUNTIF('Pull Data'!B$2:B$1000, A9) > 0, A9, "") | C9: =IF(AND(A9="", B9=""), "", IF(A9<>B9, "Custodian Does Not Appear in Data", "Custodian Appears in Data")) | F9: =IF(COUNTIF('Pull Data'!C$2:C$1000, E9) > 0, E9, "") | G9: =IF(AND(E9="", F9=""), "", IF(E9<>F9, "c/o Does Not Appear in Data", "c/o Appears in Data"))
B10: =IF(COUNTIF('Pull Data'!B$2:B$1000, A10) > 0, A10, "") | C10: =IF(AND(A10="", B10=""), "", IF(A10<>B10, "Custodian Does Not Appear in Data", "Custodian Appears in Data")) | F10: =IF(COUNTIF('Pull Data'!C$2:C$1000, E10) > 0, E10, "") | G10: =IF(AND(E10="", F10=""), "", IF(E10<>F10, "c/o Does Not Appear in Data", "c/o Appears in Data"))
B11: =IF(COUNTIF('Pull Data'!B$2:B$1000, A11) > 0, A11, "") | C11: =IF(AND(A11="", B11=""), "", IF(A11<>B11, "Custodian Does Not Appear in Data", "Custodian Appears in Data")) | F11: =IF(COUNTIF('Pull Data'!C$2:C$1000, E11) > 0, E11, "") | G11: =IF(AND(E11="", F11=""), "", IF(E11<>F11, "c/o Does Not Appear in Data", "c/o Appears in Data"))
B12: =IF(COUNTIF('Pull Data'!B$2:B$1000, A12) > 0, A12, "") | C12: =IF(AND(A12="", B12=""), "", IF(A12<>B12, "Custodian Does Not Appear in Data", "Custodian Appears in Data")) | F12: =IF(COUNTIF('Pull Data'!C$2:C$1000, E12) > 0, E12, "") | G12: =IF(AND(E12="", F12=""), "", IF(E12<>F12, "c/o Does Not Appear in Data", "c/o Appears in Data"))
B13: =IF(COUNTIF('Pull Data'!B$2:B$1000, A13) > 0, A13, "") | C13: =IF(AND(A13="", B13=""), "", IF(A13<>B13, "Custodian Does Not Appear in Data", "Custodian Appears in Data")) | F13: =IF(COUNTIF('Pull Data'!C$2:C$1000, E13) > 0, E13, "") | G13: =IF(AND(E13="", F13=""), "", IF(E13<>F13, "c/o Does Not Appear in Data", "c/o Appears in Data"))
B14: =IF(COUNTIF('Pull Data'!B$2:B$1000, A14) > 0, A14, "") | C14: =IF(AND(A14="", B14=""), "", IF(A14<>B14, "Custodian Does Not Appear in Data", "Custodian Appears in Data")) | F14: =IF(COUNTIF('Pull Data'!C$2:C$1000, E14) > 0, E14, "") | G14: =IF(AND(E14="", F14=""), "", IF(E14<>F14, "c/o Does Not Appear in Data", "c/o Appears in Data"))
... B500: =IF(COUNTIF('Pull Data'!B$2:B$1000, A500) > 0, A500, "") | C500: =IF(AND(A500="", B500=""), "", IF(A500<>B500, "Custodian Does Not Appear in Data", "Custodian Appears in Data")) | F500: =IF(COUNTIF('Pull Data'!C$2:C$1000, E500) > 0, E500, "") | G500: =IF(AND(E500="", F500=""), "", IF(E500<>F500, "c/o Does Not Appear in Data", "c/o Appears in Data"))

Sheet Unique PDFs To Be Created
A1: Total PDFs To Be Generated: | B1: {=IF(COUNTA(_xlfn._xlws.FILTER(INDEX(_xlfn.ANCHORARRAY(A3), 0, 1), (INDEX(_xlfn.ANCHORARRAY(A3), 0, 1)<>0)*(INDEX(_xlfn.ANCHORARRAY(A3), 0, 1)<>""))) = 1, IF(INDEX(_xlfn.ANCHORARRAY(A3), 0, 1)="", 0, 1), COUNTA(_xlfn._xlws.FILTER(INDEX(_xlfn.ANCHORARRAY(A3), 0, 1), (INDEX(_xlfn.ANCHORARRAY(A3), 0, 1)<>0)*(INDEX(_xlfn.ANCHORARRAY(A3), 0, 1)<>""))))} -> 0
A2: Entity | B2: Custodian | C2: c/o
A3: {=IFERROR(_xlfn.UNIQUE(_xlfn._xlws.FILTER('Pull Data'!A2:C1000, ('Pull Data'!A2:A1000<>"0")*('Pull Data'!A2:A1000<>"Empty Row")*('Pull Data'!A2:A1000<>""))), "")}

Sheet Pull Data
A1: Fund | B1: Custodian | C1: c/o | D1: IRA Account Name and Number | E1: Investment Date | F1: Investment Amount | G1: Valuation Date | H1: Valuation Amount | I1: Street Name | J1: City, State, Zip
A2: =IF(D2="Empty Row", "Empty Row", _xlfn.LET( _xlpm.lookupResult, _xlfn.XLOOKUP(D2, RawDataTable[Account Name and Number], RawDataTable[Entity], "RAW DATA MISSING"), IF(ISBLANK(_xlpm.lookupResult), "RAW DATA MISSING", _xlpm.lookupResult) ) ) -> Empty Row | B2: =IF(D2="Empty Row", "Empty Row", _xlfn.LET( _xlpm.rawDataLookup, _xlfn.XLOOKUP(D2, RawDataTable[Account Name and Number], RawDataTable[Custodian], "RAW DATA MISSING"), _xlpm.nameMappingLookup, _xlfn.XLOOKUP(_xlpm.rawDataLookup, 'Name Mapping'!D:D, 'Name Mapping'!C:C, "NAME MAPPING ERROR"), IF(ISBLANK(_xlpm.nameMappingLookup), "NAME MAPPING ERROR", _xlpm.nameMappingLookup) ) ) -> Empty Row | C2: {=IF(D2="Empty Row", "Empty Row", IF(COUNTIF('Name Mapping'!H:AD, D2) > 0, INDEX('Name Mapping'!F:F, MATCH(TRUE, MMULT(--('Name Mapping'!H:AD=D2), TRANSPOSE(COLUMN('Name Mapping'!H:AD)^0)) > 0, 0)), "") )} -> Empty Row | D2: =IF(RawDataTable[[#This Row],[Account Name and Number]]<>"", RawDataTable[[#This Row],[Account Name and Number]], "Empty Row") -> Empty Row | E2: =IF(D2="Empty Row", "Empty Row", _xlfn.LET( _xlpm.lookupResult, _xlfn.XLOOKUP(D2, RawDataTable[Account Name and Number], RawDataTable[Investment Date], "MISSING VALUE"), IF(ISNUMBER(_xlpm.lookupResult), _xlpm.lookupResult, "INVALID VALUE") ) ) -> Empty Row | F2: =IF(D2="Empty Row", "Empty Row", _xlfn.LET( _xlpm.lookupResult, _xlfn.XLOOKUP(D2, RawDataTable[Account Name and Number], RawDataTable[Investment Amount], "MISSING VALUE"), IF(ISNUMBER(_xlpm.lookupResult), _xlpm.lookupResult, "INVALID VALUE") ) ) -> Empty Row | G2: =IF(D2="Empty Row", "Empty Row", IF(ISNUMBER(TODAY()), TODAY(), "INVALID VALUE") ) -> Empty Row | H2: =IF(D2="Empty Row", "Empty Row", _xlfn.LET( _xlpm.lookupResult, _xlfn.XLOOKUP(D2, RawDataTable[Account Name and Number], RawDataTable[Valuation Amount], "MISSING VALUE"), IF(ISNUMBER(_xlpm.lookupResult), _xlpm.lookupResult, "INVALID VALUE") ) ) -> Empty Row | I2: =IF(D2="Empty Row", "Empty Row", IF(_xlfn.XLOOKUP(B2, MasterTable[IRA Custodian], MasterTable[Address], "")="", "NO STREET NAME FOUND", _xlfn.XLOOKUP(B2, MasterTable[IRA Custodian], MasterTable[Address], ""))) -> Empty Row | J2: =IF(D2="Empty Row", "Empty Row", IF(OR( _xlfn.XLOOKUP(B2, MasterTable[IRA Custodian], MasterTable[City], "")="", _xlfn.XLOOKUP(B2, MasterTable[IRA Custodian], MasterTable[State], "")="", _xlfn.XLOOKUP(B2, MasterTable[IRA Custodian], MasterTable[Zip], "")=""), "INCOMPLETE ADDRESS", _xlfn.CONCAT( _xlfn.XLOOKUP(B2, MasterTable[IRA Custodian], MasterTable[City], ""), ", ", _xlfn.XLOOKUP(B2, MasterTable[IRA Custodian], MasterTable[State], ""), " ", _xlfn.XLOOKUP(B2, MasterTable[IRA Custodian], MasterTable[Zip], "") ) ) ) -> Empty Row
A3: =IF(D3="Empty Row", "Empty Row", _xlfn.LET( _xlpm.lookupResult, _xlfn.XLOOKUP(D3, RawDataTable[Account Name and Number], RawDataTable[Entity], "RAW DATA MISSING"), IF(ISBLANK(_xlpm.lookupResult), "RAW DATA MISSING", _xlpm.lookupResult) ) ) -> Empty Row | B3: =IF(D3="Empty Row", "Empty Row", _xlfn.LET( _xlpm.rawDataLookup, _xlfn.XLOOKUP(D3, RawDataTable[Account Name and Number], RawDataTable[Custodian], "RAW DATA MISSING"), _xlpm.nameMappingLookup, _xlfn.XLOOKUP(_xlpm.rawDataLookup, 'Name Mapping'!D:D, 'Name Mapping'!C:C, "NAME MAPPING ERROR"), IF(ISBLANK(_xlpm.nameMappingLookup), "NAME MAPPING ERROR", _xlpm.nameMappingLookup) ) ) -> Empty Row | C3: {=IF(D3="Empty Row", "Empty Row", IF(COUNTIF('Name Mapping'!H:AD, D3) > 0, INDEX('Name Mapping'!F:F, MATCH(TRUE, MMULT(--('Name Mapping'!H:AD=D3), TRANSPOSE(COLUMN('Name Mapping'!H:AD)^0)) > 0, 0)), "") )} -> Empty Row | D3: =IF(RawDataTable[[#This Row],[Account Name and Number]]<>"", RawDataTable[[#This Row],[Account Name and Number]], "Empty Row") -> Empty Row | E3: =IF(D3="Empty Row", "Empty Row", _xlfn.LET( _xlpm.lookupResult, _xlfn.XLOOKUP(D3, RawDataTable[Account Name and Number], RawDataTable[Investment Date], "MISSING VALUE"), IF(ISNUMBER(_xlpm.lookupResult), _xlpm.lookupResult, "INVALID VALUE") ) ) -> Empty Row | F3: =IF(D3="Empty Row", "Empty Row", _xlfn.LET( _xlpm.lookupResult, _xlfn.XLOOKUP(D3, RawDataTable[Account Name and Number], RawDataTable[Investment Amount], "MISSING VALUE"), IF(ISNUMBER(_xlpm.lookupResult), _xlpm.lookupResult, "INVALID VALUE") ) ) -> Empty Row | G3: =IF(D3="Empty Row", "Empty Row", IF(ISNUMBER(TODAY()), TODAY(), "INVALID VALUE") ) -> Empty Row | H3: =IF(D3="Empty Row", "Empty Row", _xlfn.LET( _xlpm.lookupResult, _xlfn.XLOOKUP(D3, RawDataTable[Account Name and Number], RawDataTable[Valuation Amount], "MISSING VALUE"), IF(ISNUMBER(_xlpm.lookupResult), _xlpm.lookupResult, "INVALID VALUE") ) ) -> Empty Row | I3: =IF(D3="Empty Row", "Empty Row", IF(_xlfn.XLOOKUP(B3, MasterTable[IRA Custodian], MasterTable[Address], "")="", "NO STREET NAME FOUND", _xlfn.XLOOKUP(B3, MasterTable[IRA Custodian], MasterTable[Address], ""))) -> Empty Row | J3: =IF(D3="Empty Row", "Empty Row", IF(OR( _xlfn.XLOOKUP(B3, MasterTable[IRA Custodian], MasterTable[City], "")="", _xlfn.XLOOKUP(B3, MasterTable[IRA Custodian], MasterTable[State], "")="", _xlfn.XLOOKUP(B3, MasterTable[IRA Custodian], MasterTable[Zip], "")=""), "INCOMPLETE ADDRESS", _xlfn.CONCAT( _xlfn.XLOOKUP(B3, MasterTable[IRA Custodian], MasterTable[City], ""), ", ", _xlfn.XLOOKUP(B3, MasterTable[IRA Custodian], MasterTable[State], ""), " ", _xlfn.XLOOKUP(B3, MasterTable[IRA Custodian], MasterTable[Zip], "") ) ) ) -> Empty Row
A4: =IF(D4="Empty Row", "Empty Row", _xlfn.LET( _xlpm.lookupResult, _xlfn.XLOOKUP(D4, RawDataTable[Account Name and Number], RawDataTable[Entity], "RAW DATA MISSING"), IF(ISBLANK(_xlpm.lookupResult), "RAW DATA MISSING", _xlpm.lookupResult) ) ) -> Empty Row | B4: =IF(D4="Empty Row", "Empty Row", _xlfn.LET( _xlpm.rawDataLookup, _xlfn.XLOOKUP(D4, RawDataTable[Account Name and Number], RawDataTable[Custodian], "RAW DATA MISSING"), _xlpm.nameMappingLookup, _xlfn.XLOOKUP(_xlpm.rawDataLookup, 'Name Mapping'!D:D, 'Name Mapping'!C:C, "NAME MAPPING ERROR"), IF(ISBLANK(_xlpm.nameMappingLookup), "NAME MAPPING ERROR", _xlpm.nameMappingLookup) ) ) -> Empty Row | C4: {=IF(D4="Empty Row", "Empty Row", IF(COUNTIF('Name Mapping'!H:AD, D4) > 0, INDEX('Name Mapping'!F:F, MATCH(TRUE, MMULT(--('Name Mapping'!H:AD=D4), TRANSPOSE(COLUMN('Name Mapping'!H:AD)^0)) > 0, 0)), "") )} -> Empty Row | D4: =IF(RawDataTable[[#This Row],[Account Name and Number]]<>"", RawDataTable[[#This Row],[Account Name and Number]], "Empty Row") -> Empty Row | E4: =IF(D4="Empty Row", "Empty Row", _xlfn.LET( _xlpm.lookupResult, _xlfn.XLOOKUP(D4, RawDataTable[Account Name and Number], RawDataTable[Investment Date], "MISSING VALUE"), IF(ISNUMBER(_xlpm.lookupResult), _xlpm.lookupResult, "INVALID VALUE") ) ) -> Empty Row | F4: =IF(D4="Empty Row", "Empty Row", _xlfn.LET( _xlpm.lookupResult, _xlfn.XLOOKUP(D4, RawDataTable[Account Name and Number], RawDataTable[Investment Amount], "MISSING VALUE"), IF(ISNUMBER(_xlpm.lookupResult), _xlpm.lookupResult, "INVALID VALUE") ) ) -> Empty Row | G4: =IF(D4="Empty Row", "Empty Row", IF(ISNUMBER(TODAY()), TODAY(), "INVALID VALUE") ) -> Empty Row | H4: =IF(D4="Empty Row", "Empty Row", _xlfn.LET( _xlpm.lookupResult, _xlfn.XLOOKUP(D4, RawDataTable[Account Name and Number], RawDataTable[Valuation Amount], "MISSING VALUE"), IF(ISNUMBER(_xlpm.lookupResult), _xlpm.lookupResult, "INVALID VALUE") ) ) -> Empty Row | I4: =IF(D4="Empty Row", "Empty Row", IF(_xlfn.XLOOKUP(B4, MasterTable[IRA Custodian], MasterTable[Address], "")="", "NO STREET NAME FOUND", _xlfn.XLOOKUP(B4, MasterTable[IRA Custodian], MasterTable[Address], ""))) -> Empty Row | J4: =IF(D4="Empty Row", "Empty Row", IF(OR( _xlfn.XLOOKUP(B4, MasterTable[IRA Custodian], MasterTable[City], "")="", _xlfn.XLOOKUP(B4, MasterTable[IRA Custodian], MasterTable[State], "")="", _xlfn.XLOOKUP(B4, MasterTable[IRA Custodian], MasterTable[Zip], "")=""), "INCOMPLETE ADDRESS", _xlfn.CONCAT( _xlfn.XLOOKUP(B4, MasterTable[IRA Custodian], MasterTable[City], ""), ", ", _xlfn.XLOOKUP(B4, MasterTable[IRA Custodian], MasterTable[State], ""), " ", _xlfn.XLOOKUP(B4, MasterTable[IRA Custodian], MasterTable[Zip], "") ) ) ) -> Empty Row
A5: =IF(D5="Empty Row", "Empty Row", _xlfn.LET( _xlpm.lookupResult, _xlfn.XLOOKUP(D5, RawDataTable[Account Name and Number], RawDataTable[Entity], "RAW DATA MISSING"), IF(ISBLANK(_xlpm.lookupResult), "RAW DATA MISSING", _xlpm.lookupResult) ) ) -> Empty Row | B5: =IF(D5="Empty Row", "Empty Row", _xlfn.LET( _xlpm.rawDataLookup, _xlfn.XLOOKUP(D5, RawDataTable[Account Name and Number], RawDataTable[Custodian], "RAW DATA MISSING"), _xlpm.nameMappingLookup, _xlfn.XLOOKUP(_xlpm.rawDataLookup, 'Name Mapping'!D:D, 'Name Mapping'!C:C, "NAME MAPPING ERROR"), IF(ISBLANK(_xlpm.nameMappingLookup), "NAME MAPPING ERROR", _xlpm.nameMappingLookup) ) ) -> Empty Row | C5: {=IF(D5="Empty Row", "Empty Row", IF(COUNTIF('Name Mapping'!H:AD, D5) > 0, INDEX('Name Mapping'!F:F, MATCH(TRUE, MMULT(--('Name Mapping'!H:AD=D5), TRANSPOSE(COLUMN('Name Mapping'!H:AD)^0)) > 0, 0)), "") )} -> Empty Row | D5: =IF(RawDataTable[[#This Row],[Account Name and Number]]<>"", RawDataTable[[#This Row],[Account Name and Number]], "Empty Row") -> Empty Row | E5: =IF(D5="Empty Row", "Empty Row", _xlfn.LET( _xlpm.lookupResult, _xlfn.XLOOKUP(D5, RawDataTable[Account Name and Number], RawDataTable[Investment Date], "MISSING VALUE"), IF(ISNUMBER(_xlpm.lookupResult), _xlpm.lookupResult, "INVALID VALUE") ) ) -> Empty Row | F5: =IF(D5="Empty Row", "Empty Row", _xlfn.LET( _xlpm.lookupResult, _xlfn.XLOOKUP(D5, RawDataTable[Account Name and Number], RawDataTable[Investment Amount], "MISSING VALUE"), IF(ISNUMBER(_xlpm.lookupResult), _xlpm.lookupResult, "INVALID VALUE") ) ) -> Empty Row | G5: =IF(D5="Empty Row", "Empty Row", IF(ISNUMBER(TODAY()), TODAY(), "INVALID VALUE") ) -> Empty Row | H5: =IF(D5="Empty Row", "Empty Row", _xlfn.LET( _xlpm.lookupResult, _xlfn.XLOOKUP(D5, RawDataTable[Account Name and Number], RawDataTable[Valuation Amount], "MISSING VALUE"), IF(ISNUMBER(_xlpm.lookupResult), _xlpm.lookupResult, "INVALID VALUE") ) ) -> Empty Row | I5: =IF(D5="Empty Row", "Empty Row", IF(_xlfn.XLOOKUP(B5, MasterTable[IRA Custodian], MasterTable[Address], "")="", "NO STREET NAME FOUND", _xlfn.XLOOKUP(B5, MasterTable[IRA Custodian], MasterTable[Address], ""))) -> Empty Row | J5: =IF(D5="Empty Row", "Empty Row", IF(OR( _xlfn.XLOOKUP(B5, MasterTable[IRA Custodian], MasterTable[City], "")="", _xlfn.XLOOKUP(B5, MasterTable[IRA Custodian], MasterTable[State], "")="", _xlfn.XLOOKUP(B5, MasterTable[IRA Custodian], MasterTable[Zip], "")=""), "INCOMPLETE ADDRESS", _xlfn.CONCAT( _xlfn.XLOOKUP(B5, MasterTable[IRA Custodian], MasterTable[City], ""), ", ", _xlfn.XLOOKUP(B5, MasterTable[IRA Custodian], MasterTable[State], ""), " ", _xlfn.XLOOKUP(B5, MasterTable[IRA Custodian], MasterTable[Zip], "") ) ) ) -> Empty Row
A6: =IF(D6="Empty Row", "Empty Row", _xlfn.LET( _xlpm.lookupResult, _xlfn.XLOOKUP(D6, RawDataTable[Account Name and Number], RawDataTable[Entity], "RAW DATA MISSING"), IF(ISBLANK(_xlpm.lookupResult), "RAW DATA MISSING", _xlpm.lookupResult) ) ) -> Empty Row | B6: =IF(D6="Empty Row", "Empty Row", _xlfn.LET( _xlpm.rawDataLookup, _xlfn.XLOOKUP(D6, RawDataTable[Account Name and Number], RawDataTable[Custodian], "RAW DATA MISSING"), _xlpm.nameMappingLookup, _xlfn.XLOOKUP(_xlpm.rawDataLookup, 'Name Mapping'!D:D, 'Name Mapping'!C:C, "NAME MAPPING ERROR"), IF(ISBLANK(_xlpm.nameMappingLookup), "NAME MAPPING ERROR", _xlpm.nameMappingLookup) ) ) -> Empty Row | C6: {=IF(D6="Empty Row", "Empty Row", IF(COUNTIF('Name Mapping'!H:AD, D6) > 0, INDEX('Name Mapping'!F:F, MATCH(TRUE, MMULT(--('Name Mapping'!H:AD=D6), TRANSPOSE(COLUMN('Name Mapping'!H:AD)^0)) > 0, 0)), "") )} -> Empty Row | D6: =IF(RawDataTable[[#This Row],[Account Name and Number]]<>"", RawDataTable[[#This Row],[Account Name and Number]], "Empty Row") -> Empty Row | E6: =IF(D6="Empty Row", "Empty Row", _xlfn.LET( _xlpm.lookupResult, _xlfn.XLOOKUP(D6, RawDataTable[Account Name and Number], RawDataTable[Investment Date], "MISSING VALUE"), IF(ISNUMBER(_xlpm.lookupResult), _xlpm.lookupResult, "INVALID VALUE") ) ) -> Empty Row | F6: =IF(D6="Empty Row", "Empty Row", _xlfn.LET( _xlpm.lookupResult, _xlfn.XLOOKUP(D6, RawDataTable[Account Name and Number], RawDataTable[Investment Amount], "MISSING VALUE"), IF(ISNUMBER(_xlpm.lookupResult), _xlpm.lookupResult, "INVALID VALUE") ) ) -> Empty Row | G6: =IF(D6="Empty Row", "Empty Row", IF(ISNUMBER(TODAY()), TODAY(), "INVALID VALUE") ) -> Empty Row | H6: =IF(D6="Empty Row", "Empty Row", _xlfn.LET( _xlpm.lookupResult, _xlfn.XLOOKUP(D6, RawDataTable[Account Name and Number], RawDataTable[Valuation Amount], "MISSING VALUE"), IF(ISNUMBER(_xlpm.lookupResult), _xlpm.lookupResult, "INVALID VALUE") ) ) -> Empty Row | I6: =IF(D6="Empty Row", "Empty Row", IF(_xlfn.XLOOKUP(B6, MasterTable[IRA Custodian], MasterTable[Address], "")="", "NO STREET NAME FOUND", _xlfn.XLOOKUP(B6, MasterTable[IRA Custodian], MasterTable[Address], ""))) -> Empty Row | J6: =IF(D6="Empty Row", "Empty Row", IF(OR( _xlfn.XLOOKUP(B6, MasterTable[IRA Custodian], MasterTable[City], "")="", _xlfn.XLOOKUP(B6, MasterTable[IRA Custodian], MasterTable[State], "")="", _xlfn.XLOOKUP(B6, MasterTable[IRA Custodian], MasterTable[Zip], "")=""), "INCOMPLETE ADDRESS", _xlfn.CONCAT( _xlfn.XLOOKUP(B6, MasterTable[IRA Custodian], MasterTable[City], ""), ", ", _xlfn.XLOOKUP(B6, MasterTable[IRA Custodian], MasterTable[State], ""), " ", _xlfn.XLOOKUP(B6, MasterTable[IRA Custodian], MasterTable[Zip], "") ) ) ) -> Empty Row
A7: =IF(D7="Empty Row", "Empty Row", _xlfn.LET( _xlpm.lookupResult, _xlfn.XLOOKUP(D7, RawDataTable[Account Name and Number], RawDataTable[Entity], "RAW DATA MISSING"), IF(ISBLANK(_xlpm.lookupResult), "RAW DATA MISSING", _xlpm.lookupResult) ) ) -> Empty Row | B7: =IF(D7="Empty Row", "Empty Row", _xlfn.LET( _xlpm.rawDataLookup, _xlfn.XLOOKUP(D7, RawDataTable[Account Name and Number], RawDataTable[Custodian], "RAW DATA MISSING"), _xlpm.nameMappingLookup, _xlfn.XLOOKUP(_xlpm.rawDataLookup, 'Name Mapping'!D:D, 'Name Mapping'!C:C, "NAME MAPPING ERROR"), IF(ISBLANK(_xlpm.nameMappingLookup), "NAME MAPPING ERROR", _xlpm.nameMappingLookup) ) ) -> Empty Row | C7: {=IF(D7="Empty Row", "Empty Row", IF(COUNTIF('Name Mapping'!H:AD, D7) > 0, INDEX('Name Mapping'!F:F, MATCH(TRUE, MMULT(--('Name Mapping'!H:AD=D7), TRANSPOSE(COLUMN('Name Mapping'!H:AD)^0)) > 0, 0)), "") )} -> Empty Row | D7: =IF(RawDataTable[[#This Row],[Account Name and Number]]<>"", RawDataTable[[#This Row],[Account Name and Number]], "Empty Row") -> Empty Row | E7: =IF(D7="Empty Row", "Empty Row", _xlfn.LET( _xlpm.lookupResult, _xlfn.XLOOKUP(D7, RawDataTable[Account Name and Number], RawDataTable[Investment Date], "MISSING VALUE"), IF(ISNUMBER(_xlpm.lookupResult), _xlpm.lookupResult, "INVALID VALUE") ) ) -> Empty Row | F7: =IF(D7="Empty Row", "Empty Row", _xlfn.LET( _xlpm.lookupResult, _xlfn.XLOOKUP(D7, RawDataTable[Account Name and Number], RawDataTable[Investment Amount], "MISSING VALUE"), IF(ISNUMBER(_xlpm.lookupResult), _xlpm.lookupResult, "INVALID VALUE") ) ) -> Empty Row | G7: =IF(D7="Empty Row", "Empty Row", IF(ISNUMBER(TODAY()), TODAY(), "INVALID VALUE") ) -> Empty Row | H7: =IF(D7="Empty Row", "Empty Row", _xlfn.LET( _xlpm.lookupResult, _xlfn.XLOOKUP(D7, RawDataTable[Account Name and Number], RawDataTable[Valuation Amount], "MISSING VALUE"), IF(ISNUMBER(_xlpm.lookupResult), _xlpm.lookupResult, "INVALID VALUE") ) ) -> Empty Row | I7: =IF(D7="Empty Row", "Empty Row", IF(_xlfn.XLOOKUP(B7, MasterTable[IRA Custodian], MasterTable[Address], "")="", "NO STREET NAME FOUND", _xlfn.XLOOKUP(B7, MasterTable[IRA Custodian], MasterTable[Address], ""))) -> Empty Row | J7: =IF(D7="Empty Row", "Empty Row", IF(OR( _xlfn.XLOOKUP(B7, MasterTable[IRA Custodian], MasterTable[City], "")="", _xlfn.XLOOKUP(B7, MasterTable[IRA Custodian], MasterTable[State], "")="", _xlfn.XLOOKUP(B7, MasterTable[IRA Custodian], MasterTable[Zip], "")=""), "INCOMPLETE ADDRESS", _xlfn.CONCAT( _xlfn.XLOOKUP(B7, MasterTable[IRA Custodian], MasterTable[City], ""), ", ", _xlfn.XLOOKUP(B7, MasterTable[IRA Custodian], MasterTable[State], ""), " ", _xlfn.XLOOKUP(B7, MasterTable[IRA Custodian], MasterTable[Zip], "") ) ) ) -> Empty Row
A8: =IF(D8="Empty Row", "Empty Row", _xlfn.LET( _xlpm.lookupResult, _xlfn.XLOOKUP(D8, RawDataTable[Account Name and Number], RawDataTable[Entity], "RAW DATA MISSING"), IF(ISBLANK(_xlpm.lookupResult), "RAW DATA MISSING", _xlpm.lookupResult) ) ) -> Empty Row | B8: =IF(D8="Empty Row", "Empty Row", _xlfn.LET( _xlpm.rawDataLookup, _xlfn.XLOOKUP(D8, RawDataTable[Account Name and Number], RawDataTable[Custodian], "RAW DATA MISSING"), _xlpm.nameMappingLookup, _xlfn.XLOOKUP(_xlpm.rawDataLookup, 'Name Mapping'!D:D, 'Name Mapping'!C:C, "NAME MAPPING ERROR"), IF(ISBLANK(_xlpm.nameMappingLookup), "NAME MAPPING ERROR", _xlpm.nameMappingLookup) ) ) -> Empty Row | C8: {=IF(D8="Empty Row", "Empty Row", IF(COUNTIF('Name Mapping'!H:AD, D8) > 0, INDEX('Name Mapping'!F:F, MATCH(TRUE, MMULT(--('Name Mapping'!H:AD=D8), TRANSPOSE(COLUMN('Name Mapping'!H:AD)^0)) > 0, 0)), "") )} -> Empty Row | D8: =IF(RawDataTable[[#This Row],[Account Name and Number]]<>"", RawDataTable[[#This Row],[Account Name and Number]], "Empty Row") -> Empty Row | E8: =IF(D8="Empty Row", "Empty Row", _xlfn.LET( _xlpm.lookupResult, _xlfn.XLOOKUP(D8, RawDataTable[Account Name and Number], RawDataTable[Investment Date], "MISSING VALUE"), IF(ISNUMBER(_xlpm.lookupResult), _xlpm.lookupResult, "INVALID VALUE") ) ) -> Empty Row | F8: =IF(D8="Empty Row", "Empty Row", _xlfn.LET( _xlpm.lookupResult, _xlfn.XLOOKUP(D8, RawDataTable[Account Name and Number], RawDataTable[Investment Amount], "MISSING VALUE"), IF(ISNUMBER(_xlpm.lookupResult), _xlpm.lookupResult, "INVALID VALUE") ) ) -> Empty Row | G8: =IF(D8="Empty Row", "Empty Row", IF(ISNUMBER(TODAY()), TODAY(), "INVALID VALUE") ) -> Empty Row | H8: =IF(D8="Empty Row", "Empty Row", _xlfn.LET( _xlpm.lookupResult, _xlfn.XLOOKUP(D8, RawDataTable[Account Name and Number], RawDataTable[Valuation Amount], "MISSING VALUE"), IF(ISNUMBER(_xlpm.lookupResult), _xlpm.lookupResult, "INVALID VALUE") ) ) -> Empty Row | I8: =IF(D8="Empty Row", "Empty Row", IF(_xlfn.XLOOKUP(B8, MasterTable[IRA Custodian], MasterTable[Address], "")="", "NO STREET NAME FOUND", _xlfn.XLOOKUP(B8, MasterTable[IRA Custodian], MasterTable[Address], ""))) -> Empty Row | J8: =IF(D8="Empty Row", "Empty Row", IF(OR( _xlfn.XLOOKUP(B8, MasterTable[IRA Custodian], MasterTable[City], "")="", _xlfn.XLOOKUP(B8, MasterTable[IRA Custodian], MasterTable[State], "")="", _xlfn.XLOOKUP(B8, MasterTable[IRA Custodian], MasterTable[Zip], "")=""), "INCOMPLETE ADDRESS", _xlfn.CONCAT( _xlfn.XLOOKUP(B8, MasterTable[IRA Custodian], MasterTable[City], ""), ", ", _xlfn.XLOOKUP(B8, MasterTable[IRA Custodian], MasterTable[State], ""), " ", _xlfn.XLOOKUP(B8, MasterTable[IRA Custodian], MasterTable[Zip], "") ) ) ) -> Empty Row
A9: =IF(D9="Empty Row", "Empty Row", _xlfn.LET( _xlpm.lookupResult, _xlfn.XLOOKUP(D9, RawDataTable[Account Name and Number], RawDataTable[Entity], "RAW DATA MISSING"), IF(ISBLANK(_xlpm.lookupResult), "RAW DATA MISSING", _xlpm.lookupResult) ) ) -> Empty Row | B9: =IF(D9="Empty Row", "Empty Row", _xlfn.LET( _xlpm.rawDataLookup, _xlfn.XLOOKUP(D9, RawDataTable[Account Name and Number], RawDataTable[Custodian], "RAW DATA MISSING"), _xlpm.nameMappingLookup, _xlfn.XLOOKUP(_xlpm.rawDataLookup, 'Name Mapping'!D:D, 'Name Mapping'!C:C, "NAME MAPPING ERROR"), IF(ISBLANK(_xlpm.nameMappingLookup), "NAME MAPPING ERROR", _xlpm.nameMappingLookup) ) ) -> Empty Row | C9: {=IF(D9="Empty Row", "Empty Row", IF(COUNTIF('Name Mapping'!H:AD, D9) > 0, INDEX('Name Mapping'!F:F, MATCH(TRUE, MMULT(--('Name Mapping'!H:AD=D9), TRANSPOSE(COLUMN('Name Mapping'!H:AD)^0)) > 0, 0)), "") )} -> Empty Row | D9: =IF(RawDataTable[[#This Row],[Account Name and Number]]<>"", RawDataTable[[#This Row],[Account Name and Number]], "Empty Row") -> Empty Row | E9: =IF(D9="Empty Row", "Empty Row", _xlfn.LET( _xlpm.lookupResult, _xlfn.XLOOKUP(D9, RawDataTable[Account Name and Number], RawDataTable[Investment Date], "MISSING VALUE"), IF(ISNUMBER(_xlpm.lookupResult), _xlpm.lookupResult, "INVALID VALUE") ) ) -> Empty Row | F9: =IF(D9="Empty Row", "Empty Row", _xlfn.LET( _xlpm.lookupResult, _xlfn.XLOOKUP(D9, RawDataTable[Account Name and Number], RawDataTable[Investment Amount], "MISSING VALUE"), IF(ISNUMBER(_xlpm.lookupResult), _xlpm.lookupResult, "INVALID VALUE") ) ) -> Empty Row | G9: =IF(D9="Empty Row", "Empty Row", IF(ISNUMBER(TODAY()), TODAY(), "INVALID VALUE") ) -> Empty Row | H9: =IF(D9="Empty Row", "Empty Row", _xlfn.LET( _xlpm.lookupResult, _xlfn.XLOOKUP(D9, RawDataTable[Account Name and Number], RawDataTable[Valuation Amount], "MISSING VALUE"), IF(ISNUMBER(_xlpm.lookupResult), _xlpm.lookupResult, "INVALID VALUE") ) ) -> Empty Row | I9: =IF(D9="Empty Row", "Empty Row", IF(_xlfn.XLOOKUP(B9, MasterTable[IRA Custodian], MasterTable[Address], "")="", "NO STREET NAME FOUND", _xlfn.XLOOKUP(B9, MasterTable[IRA Custodian], MasterTable[Address], ""))) -> Empty Row | J9: =IF(D9="Empty Row", "Empty Row", IF(OR( _xlfn.XLOOKUP(B9, MasterTable[IRA Custodian], MasterTable[City], "")="", _xlfn.XLOOKUP(B9, MasterTable[IRA Custodian], MasterTable[State], "")="", _xlfn.XLOOKUP(B9, MasterTable[IRA Custodian], MasterTable[Zip], "")=""), "INCOMPLETE ADDRESS", _xlfn.CONCAT( _xlfn.XLOOKUP(B9, MasterTable[IRA Custodian], MasterTable[City], ""), ", ", _xlfn.XLOOKUP(B9, MasterTable[IRA Custodian], MasterTable[State], ""), " ", _xlfn.XLOOKUP(B9, MasterTable[IRA Custodian], MasterTable[Zip], "") ) ) ) -> Empty Row
A10: =IF(D10="Empty Row", "Empty Row", _xlfn.LET( _xlpm.lookupResult, _xlfn.XLOOKUP(D10, RawDataTable[Account Name and Number], RawDataTable[Entity], "RAW DATA MISSING"), IF(ISBLANK(_xlpm.lookupResult), "RAW DATA MISSING", _xlpm.lookupResult) ) ) -> Empty Row | B10: =IF(D10="Empty Row", "Empty Row", _xlfn.LET( _xlpm.rawDataLookup, _xlfn.XLOOKUP(D10, RawDataTable[Account Name and Number], RawDataTable[Custodian], "RAW DATA MISSING"), _xlpm.nameMappingLookup, _xlfn.XLOOKUP(_xlpm.rawDataLookup, 'Name Mapping'!D:D, 'Name Mapping'!C:C, "NAME MAPPING ERROR"), IF(ISBLANK(_xlpm.nameMappingLookup), "NAME MAPPING ERROR", _xlpm.nameMappingLookup) ) ) -> Empty Row | C10: {=IF(D10="Empty Row", "Empty Row", IF(COUNTIF('Name Mapping'!H:AD, D10) > 0, INDEX('Name Mapping'!F:F, MATCH(TRUE, MMULT(--('Name Mapping'!H:AD=D10), TRANSPOSE(COLUMN('Name Mapping'!H:AD)^0)) > 0, 0)), "") )} -> Empty Row | D10: =IF(RawDataTable[[#This Row],[Account Name and Number]]<>"", RawDataTable[[#This Row],[Account Name and Number]], "Empty Row") -> Empty Row | E10: =IF(D10="Empty Row", "Empty Row", _xlfn.LET( _xlpm.lookupResult, _xlfn.XLOOKUP(D10, RawDataTable[Account Name and Number], RawDataTable[Investment Date], "MISSING VALUE"), IF(ISNUMBER(_xlpm.lookupResult), _xlpm.lookupResult, "INVALID VALUE") ) ) -> Empty Row | F10: =IF(D10="Empty Row", "Empty Row", _xlfn.LET( _xlpm.lookupResult, _xlfn.XLOOKUP(D10, RawDataTable[Account Name and Number], RawDataTable[Investment Amount], "MISSING VALUE"), IF(ISNUMBER(_xlpm.lookupResult), _xlpm.lookupResult, "INVALID VALUE") ) ) -> Empty Row | G10: =IF(D10="Empty Row", "Empty Row", IF(ISNUMBER(TODAY()), TODAY(), "INVALID VALUE") ) -> Empty Row | H10: =IF(D10="Empty Row", "Empty Row", _xlfn.LET( _xlpm.lookupResult, _xlfn.XLOOKUP(D10, RawDataTable[Account Name and Number], RawDataTable[Valuation Amount], "MISSING VALUE"), IF(ISNUMBER(_xlpm.lookupResult), _xlpm.lookupResult, "INVALID VALUE") ) ) -> Empty Row | I10: =IF(D10="Empty Row", "Empty Row", IF(_xlfn.XLOOKUP(B10, MasterTable[IRA Custodian], MasterTable[Address], "")="", "NO STREET NAME FOUND", _xlfn.XLOOKUP(B10, MasterTable[IRA Custodian], MasterTable[Address], ""))) -> Empty Row | J10: =IF(D10="Empty Row", "Empty Row", IF(OR( _xlfn.XLOOKUP(B10, MasterTable[IRA Custodian], MasterTable[City], "")="", _xlfn.XLOOKUP(B10, MasterTable[IRA Custodian], MasterTable[State], "")="", _xlfn.XLOOKUP(B10, MasterTable[IRA Custodian], MasterTable[Zip], "")=""), "INCOMPLETE ADDRESS", _xlfn.CONCAT( _xlfn.XLOOKUP(B10, MasterTable[IRA Custodian], MasterTable[City], ""), ", ", _xlfn.XLOOKUP(B10, MasterTable[IRA Custodian], MasterTable[State], ""), " ", _xlfn.XLOOKUP(B10, MasterTable[IRA Custodian], MasterTable[Zip], "") ) ) ) -> Empty Row
A11: =IF(D11="Empty Row", "Empty Row", _xlfn.LET( _xlpm.lookupResult, _xlfn.XLOOKUP(D11, RawDataTable[Account Name and Number], RawDataTable[Entity], "RAW DATA MISSING"), IF(ISBLANK(_xlpm.lookupResult), "RAW DATA MISSING", _xlpm.lookupResult) ) ) -> Empty Row | B11: =IF(D11="Empty Row", "Empty Row", _xlfn.LET( _xlpm.rawDataLookup, _xlfn.XLOOKUP(D11, RawDataTable[Account Name and Number], RawDataTable[Custodian], "RAW DATA MISSING"), _xlpm.nameMappingLookup, _xlfn.XLOOKUP(_xlpm.rawDataLookup, 'Name Mapping'!D:D, 'Name Mapping'!C:C, "NAME MAPPING ERROR"), IF(ISBLANK(_xlpm.nameMappingLookup), "NAME MAPPING ERROR", _xlpm.nameMappingLookup) ) ) -> Empty Row | C11: {=IF(D11="Empty Row", "Empty Row", IF(COUNTIF('Name Mapping'!H:AD, D11) > 0, INDEX('Name Mapping'!F:F, MATCH(TRUE, MMULT(--('Name Mapping'!H:AD=D11), TRANSPOSE(COLUMN('Name Mapping'!H:AD)^0)) > 0, 0)), "") )} -> Empty Row | D11: =IF(RawDataTable[[#This Row],[Account Name and Number]]<>"", RawDataTable[[#This Row],[Account Name and Number]], "Empty Row") -> Empty Row | E11: =IF(D11="Empty Row", "Empty Row", _xlfn.LET( _xlpm.lookupResult, _xlfn.XLOOKUP(D11, RawDataTable[Account Name and Number], RawDataTable[Investment Date], "MISSING VALUE"), IF(ISNUMBER(_xlpm.lookupResult), _xlpm.lookupResult, "INVALID VALUE") ) ) -> Empty Row | F11: =IF(D11="Empty Row", "Empty Row", _xlfn.LET( _xlpm.lookupResult, _xlfn.XLOOKUP(D11, RawDataTable[Account Name and Number], RawDataTable[Investment Amount], "MISSING VALUE"), IF(ISNUMBER(_xlpm.lookupResult), _xlpm.lookupResult, "INVALID VALUE") ) ) -> Empty Row | G11: =IF(D11="Empty Row", "Empty Row", IF(ISNUMBER(TODAY()), TODAY(), "INVALID VALUE") ) -> Empty Row | H11: =IF(D11="Empty Row", "Empty Row", _xlfn.LET( _xlpm.lookupResult, _xlfn.XLOOKUP(D11, RawDataTable[Account Name and Number], RawDataTable[Valuation Amount], "MISSING VALUE"), IF(ISNUMBER(_xlpm.lookupResult), _xlpm.lookupResult, "INVALID VALUE") ) ) -> Empty Row | I11: =IF(D11="Empty Row", "Empty Row", IF(_xlfn.XLOOKUP(B11, MasterTable[IRA Custodian], MasterTable[Address], "")="", "NO STREET NAME FOUND", _xlfn.XLOOKUP(B11, MasterTable[IRA Custodian], MasterTable[Address], ""))) -> Empty Row | J11: =IF(D11="Empty Row", "Empty Row", IF(OR( _xlfn.XLOOKUP(B11, MasterTable[IRA Custodian], MasterTable[City], "")="", _xlfn.XLOOKUP(B11, MasterTable[IRA Custodian], MasterTable[State], "")="", _xlfn.XLOOKUP(B11, MasterTable[IRA Custodian], MasterTable[Zip], "")=""), "INCOMPLETE ADDRESS", _xlfn.CONCAT( _xlfn.XLOOKUP(B11, MasterTable[IRA Custodian], MasterTable[City], ""), ", ", _xlfn.XLOOKUP(B11, MasterTable[IRA Custodian], MasterTable[State], ""), " ", _xlfn.XLOOKUP(B11, MasterTable[IRA Custodian], MasterTable[Zip], "") ) ) ) -> Empty Row
A12: =IF(D12="Empty Row", "Empty Row", _xlfn.LET( _xlpm.lookupResult, _xlfn.XLOOKUP(D12, RawDataTable[Account Name and Number], RawDataTable[Entity], "RAW DATA MISSING"), IF(ISBLANK(_xlpm.lookupResult), "RAW DATA MISSING", _xlpm.lookupResult) ) ) -> Empty Row | B12: =IF(D12="Empty Row", "Empty Row", _xlfn.LET( _xlpm.rawDataLookup, _xlfn.XLOOKUP(D12, RawDataTable[Account Name and Number], RawDataTable[Custodian], "RAW DATA MISSING"), _xlpm.nameMappingLookup, _xlfn.XLOOKUP(_xlpm.rawDataLookup, 'Name Mapping'!D:D, 'Name Mapping'!C:C, "NAME MAPPING ERROR"), IF(ISBLANK(_xlpm.nameMappingLookup), "NAME MAPPING ERROR", _xlpm.nameMappingLookup) ) ) -> Empty Row | C12: {=IF(D12="Empty Row", "Empty Row", IF(COUNTIF('Name Mapping'!H:AD, D12) > 0, INDEX('Name Mapping'!F:F, MATCH(TRUE, MMULT(--('Name Mapping'!H:AD=D12), TRANSPOSE(COLUMN('Name Mapping'!H:AD)^0)) > 0, 0)), "") )} -> Empty Row | D12: =IF(RawDataTable[[#This Row],[Account Name and Number]]<>"", RawDataTable[[#This Row],[Account Name and Number]], "Empty Row") -> Empty Row | E12: =IF(D12="Empty Row", "Empty Row", _xlfn.LET( _xlpm.lookupResult, _xlfn.XLOOKUP(D12, RawDataTable[Account Name and Number], RawDataTable[Investment Date], "MISSING VALUE"), IF(ISNUMBER(_xlpm.lookupResult), _xlpm.lookupResult, "INVALID VALUE") ) ) -> Empty Row | F12: =IF(D12="Empty Row", "Empty Row", _xlfn.LET( _xlpm.lookupResult, _xlfn.XLOOKUP(D12, RawDataTable[Account Name and Number], RawDataTable[Investment Amount], "MISSING VALUE"), IF(ISNUMBER(_xlpm.lookupResult), _xlpm.lookupResult, "INVALID VALUE") ) ) -> Empty Row | G12: =IF(D12="Empty Row", "Empty Row", IF(ISNUMBER(TODAY()), TODAY(), "INVALID VALUE") ) -> Empty Row | H12: =IF(D12="Empty Row", "Empty Row", _xlfn.LET( _xlpm.lookupResult, _xlfn.XLOOKUP(D12, RawDataTable[Account Name and Number], RawDataTable[Valuation Amount], "MISSING VALUE"), IF(ISNUMBER(_xlpm.lookupResult), _xlpm.lookupResult, "INVALID VALUE") ) ) -> Empty Row | I12: =IF(D12="Empty Row", "Empty Row", IF(_xlfn.XLOOKUP(B12, MasterTable[IRA Custodian], MasterTable[Address], "")="", "NO STREET NAME FOUND", _xlfn.XLOOKUP(B12, MasterTable[IRA Custodian], MasterTable[Address], ""))) -> Empty Row | J12: =IF(D12="Empty Row", "Empty Row", IF(OR( _xlfn.XLOOKUP(B12, MasterTable[IRA Custodian], MasterTable[City], "")="", _xlfn.XLOOKUP(B12, MasterTable[IRA Custodian], MasterTable[State], "")="", _xlfn.XLOOKUP(B12, MasterTable[IRA Custodian], MasterTable[Zip], "")=""), "INCOMPLETE ADDRESS", _xlfn.CONCAT( _xlfn.XLOOKUP(B12, MasterTable[IRA Custodian], MasterTable[City], ""), ", ", _xlfn.XLOOKUP(B12, MasterTable[IRA Custodian], MasterTable[State], ""), " ", _xlfn.XLOOKUP(B12, MasterTable[IRA Custodian], MasterTable[Zip], "") ) ) ) -> Empty Row
A13: =IF(D13="Empty Row", "Empty Row", _xlfn.LET( _xlpm.lookupResult, _xlfn.XLOOKUP(D13, RawDataTable[Account Name and Number], RawDataTable[Entity], "RAW DATA MISSING"), IF(ISBLANK(_xlpm.lookupResult), "RAW DATA MISSING", _xlpm.lookupResult) ) ) -> Empty Row | B13: =IF(D13="Empty Row", "Empty Row", _xlfn.LET( _xlpm.rawDataLookup, _xlfn.XLOOKUP(D13, RawDataTable[Account Name and Number], RawDataTable[Custodian], "RAW DATA MISSING"), _xlpm.nameMappingLookup, _xlfn.XLOOKUP(_xlpm.rawDataLookup, 'Name Mapping'!D:D, 'Name Mapping'!C:C, "NAME MAPPING ERROR"), IF(ISBLANK(_xlpm.nameMappingLookup), "NAME MAPPING ERROR", _xlpm.nameMappingLookup) ) ) -> Empty Row | C13: {=IF(D13="Empty Row", "Empty Row", IF(COUNTIF('Name Mapping'!H:AD, D13) > 0, INDEX('Name Mapping'!F:F, MATCH(TRUE, MMULT(--('Name Mapping'!H:AD=D13), TRANSPOSE(COLUMN('Name Mapping'!H:AD)^0)) > 0, 0)), "") )} -> Empty Row | D13: =IF(RawDataTable[[#This Row],[Account Name and Number]]<>"", RawDataTable[[#This Row],[Account Name and Number]], "Empty Row") -> Empty Row | E13: =IF(D13="Empty Row", "Empty Row", _xlfn.LET( _xlpm.lookupResult, _xlfn.XLOOKUP(D13, RawDataTable[Account Name and Number], RawDataTable[Investment Date], "MISSING VALUE"), IF(ISNUMBER(_xlpm.lookupResult), _xlpm.lookupResult, "INVALID VALUE") ) ) -> Empty Row | F13: =IF(D13="Empty Row", "Empty Row", _xlfn.LET( _xlpm.lookupResult, _xlfn.XLOOKUP(D13, RawDataTable[Account Name and Number], RawDataTable[Investment Amount], "MISSING VALUE"), IF(ISNUMBER(_xlpm.lookupResult), _xlpm.lookupResult, "INVALID VALUE") ) ) -> Empty Row | G13: =IF(D13="Empty Row", "Empty Row", IF(ISNUMBER(TODAY()), TODAY(), "INVALID VALUE") ) -> Empty Row | H13: =IF(D13="Empty Row", "Empty Row", _xlfn.LET( _xlpm.lookupResult, _xlfn.XLOOKUP(D13, RawDataTable[Account Name and Number], RawDataTable[Valuation Amount], "MISSING VALUE"), IF(ISNUMBER(_xlpm.lookupResult), _xlpm.lookupResult, "INVALID VALUE") ) ) -> Empty Row | I13: =IF(D13="Empty Row", "Empty Row", IF(_xlfn.XLOOKUP(B13, MasterTable[IRA Custodian], MasterTable[Address], "")="", "NO STREET NAME FOUND", _xlfn.XLOOKUP(B13, MasterTable[IRA Custodian], MasterTable[Address], ""))) -> Empty Row | J13: =IF(D13="Empty Row", "Empty Row", IF(OR( _xlfn.XLOOKUP(B13, MasterTable[IRA Custodian], MasterTable[City], "")="", _xlfn.XLOOKUP(B13, MasterTable[IRA Custodian], MasterTable[State], "")="", _xlfn.XLOOKUP(B13, MasterTable[IRA Custodian], MasterTable[Zip], "")=""), "INCOMPLETE ADDRESS", _xlfn.CONCAT( _xlfn.XLOOKUP(B13, MasterTable[IRA Custodian], MasterTable[City], ""), ", ", _xlfn.XLOOKUP(B13, MasterTable[IRA Custodian], MasterTable[State], ""), " ", _xlfn.XLOOKUP(B13, MasterTable[IRA Custodian], MasterTable[Zip], "") ) ) ) -> Empty Row
... A500: =IF(D500="Empty Row", "Empty Row", _xlfn.LET( _xlpm.lookupResult, _xlfn.XLOOKUP(D500, RawDataTable[Account Name and Number], RawDataTable[Entity], "RAW DATA MISSING"), IF(ISBLANK(_xlpm.lookupResult), "RAW DATA MISSING", _xlpm.lookupResult) ) ) -> Empty Row | B500: =IF(D500="Empty Row", "Empty Row", _xlfn.LET( _xlpm.rawDataLookup, _xlfn.XLOOKUP(D500, RawDataTable[Account Name and Number], RawDataTable[Custodian], "RAW DATA MISSING"), _xlpm.nameMappingLookup, _xlfn.XLOOKUP(_xlpm.rawDataLookup, 'Name Mapping'!D:D, 'Name Mapping'!C:C, "NAME MAPPING ERROR"), IF(ISBLANK(_xlpm.nameMappingLookup), "NAME MAPPING ERROR", _xlpm.nameMappingLookup) ) ) -> Empty Row | C500: {=IF(D500="Empty Row", "Empty Row", IF(COUNTIF('Name Mapping'!H:AD, D500) > 0, INDEX('Name Mapping'!F:F, MATCH(TRUE, MMULT(--('Name Mapping'!H:AD=D500), TRANSPOSE(COLUMN('Name Mapping'!H:AD)^0)) > 0, 0)), "") )} -> Empty Row | D500: =IF(RawDataTable[[#This Row],[Account Name and Number]]<>"", RawDataTable[[#This Row],[Account Name and Number]], "Empty Row") -> Empty Row | E500: =IF(D500="Empty Row", "Empty Row", _xlfn.LET( _xlpm.lookupResult, _xlfn.XLOOKUP(D500, RawDataTable[Account Name and Number], RawDataTable[Investment Date], "MISSING VALUE"), IF(ISNUMBER(_xlpm.lookupResult), _xlpm.lookupResult, "INVALID VALUE") ) ) -> Empty Row | F500: =IF(D500="Empty Row", "Empty Row", _xlfn.LET( _xlpm.lookupResult, _xlfn.XLOOKUP(D500, RawDataTable[Account Name and Number], RawDataTable[Investment Amount], "MISSING VALUE"), IF(ISNUMBER(_xlpm.lookupResult), _xlpm.lookupResult, "INVALID VALUE") ) ) -> Empty Row | G500: =IF(D500="Empty Row", "Empty Row", IF(ISNUMBER(TODAY()), TODAY(), "INVALID VALUE") ) -> Empty Row | H500: =IF(D500="Empty Row", "Empty Row", _xlfn.LET( _xlpm.lookupResult, _xlfn.XLOOKUP(D500, RawDataTable[Account Name and Number], RawDataTable[Valuation Amount], "MISSING VALUE"), IF(ISNUMBER(_xlpm.lookupResult), _xlpm.lookupResult, "INVALID VALUE") ) ) -> Empty Row | I500: =IF(D500="Empty Row", "Empty Row", IF(_xlfn.XLOOKUP(B500, MasterTable[IRA Custodian], MasterTable[Address], "")="", "NO STREET NAME FOUND", _xlfn.XLOOKUP(B500, MasterTable[IRA Custodian], MasterTable[Address], ""))) -> Empty Row | J500: =IF(D500="Empty Row", "Empty Row", IF(OR( _xlfn.XLOOKUP(B500, MasterTable[IRA Custodian], MasterTable[City], "")="", _xlfn.XLOOKUP(B500, MasterTable[IRA Custodian], MasterTable[State], "")="", _xlfn.XLOOKUP(B500, MasterTable[IRA Custodian], MasterTable[Zip], "")=""), "INCOMPLETE ADDRESS", _xlfn.CONCAT( _xlfn.XLOOKUP(B500, MasterTable[IRA Custodian], MasterTable[City], ""), ", ", _xlfn.XLOOKUP(B500, MasterTable[IRA Custodian], MasterTable[State], ""), " ", _xlfn.XLOOKUP(B500, MasterTable[IRA Custodian], MasterTable[Zip], "") ) ) ) -> Empty Row

Sheet Raw Data
A1: Entity | B1: Account Legal Name | C1: Custodian | D1: Account Name and Number | E1: Investment Date | F1: Investment Amount | G1: Valuation Amount
